[{"typeOfClothing":"Pants","total":240.0,"quantity":20,"size":"Small (S)","idProvider":"P1","salePrice":"20","id":"Pants-Adidas (S)","purchasePrice":"12","brand":"Adidas"},{"typeOfClothing":"Pants","total":300.0,"quantity":20,"size":"Medium (M)","idProvider":"P1","salePrice":"25","id":"Pants-Adidas (M)","purchasePrice":"15","brand":"Adidas"},{"typeOfClothing":"Shoes","total":240.0,"quantity":20,"size":"Small (S)","idProvider":"P2","salePrice":"20","id":"Shoes-Nike (S)","purchasePrice":"12","brand":"Nike"}]